Link Name,Center of Mass X,Center of Mass Y,Center of Mass Z,Center of Mass Roll,Center of Mass Pitch,Center of Mass Yaw,Mass,Moment Ixx,Moment Ixy,Moment Ixz,Moment Iyy,Moment Iyz,Moment Izz,Visual X,Visual Y,Visual Z,Visual Roll,Visual Pitch,Visual Yaw,Mesh Filename,Color Red,Color Green,Color Blue,Color Alpha,Collision X,Collision Y,Collision Z,Collision Roll,Collision Pitch,Collision Yaw,Collision Mesh Filename,Material Name,SW Components,Coordinate System,Axis Name,Joint Name,Joint Type,Joint Origin X,Joint Origin Y,Joint Origin Z,Joint Origin Roll,Joint Origin Pitch,Joint Origin Yaw,Parent,Joint Axis X,Joint Axis Y,Joint Axis Z,Limit Effort,Limit Velocity,Limit Lower,Limit Upper,Calibration rising,Calibration falling,Dynamics Damping,Dynamics Friction,Safety Soft Upper,Safety Soft Lower,Safety K Position,Safety K Velocity
base_link,"-6,83047368665868E-18","0,025","1,94478764689587E-18",0,0,0,"2,375","0,000989583333333334","-8,58326719884358E-21","2,14581679971091E-21","0,000989583333333334",0,"0,000989583333333334",0,0,0,0,0,0,package://rod/meshes/base_link.STL,1,1,1,1,0,0,0,0,0,0,package://rod/meshes/base_link.STL,,base_link-1,Origin_global,,,,0,0,0,0,0,0,,0,0,0,,,,,,,,,,,,
scara_basejoint,"8,88178419700125E-16",0,"0,180234931906412",0,0,0,"50,5064528015554","0,507467643046138","1,24672661923992E-18","-7,66356004006932E-18","0,507467643046138","7,42216945274078E-18","0,164615591191858",0,0,0,0,0,0,package://rod/meshes/scara_basejoint.STL,1,1,1,1,0,0,0,0,0,0,package://rod/meshes/scara_basejoint.STL,,SCARAMitDH-1/BasisMitDH-1;SCARAMitDH-1/ErstesGlied-1,Origin_sj0,,sj0,fixed,"6,4623","-1,1337","0,88",0,0,0,base_link,0,0,0,,,,,,,,,,,,
scara_j1,"0,120817727289338","9,30999931370025E-07","0,05137702387886",0,0,0,"49,5926714803606","0,222900609838825","1,33392967924855E-16","0,0739678064109206","0,736885929341892","2,45391377787028E-17","0,865091612076402",0,0,0,0,0,0,package://rod/meshes/scara_j1.STL,1,1,1,1,0,0,0,0,0,0,package://rod/meshes/scara_j1.STL,,SCARAMitDH-1/ZweitesGliedMitDH-1,Origin_sj1,,sj1,revolute,0,0,"0,375",0,0,0,scara_basejoint,0,0,1,10,"9,2","-2,7","2,7",,,10,"0,1",,,,
scara_j2,"-0,112811619112002","2,03690355693453E-08","-0,0848826662381605",0,0,0,"32,5846948095504","0,16446281982603","-2,66721834505766E-07","0,00501596079266007","0,377276755482316","1,55740957962355E-07","0,328743826647256",0,0,0,0,0,0,package://rod/meshes/scara_j2.STL,1,1,1,1,0,0,0,0,0,0,package://rod/meshes/scara_j2.STL,,SCARAMitDH-1/DrittesGliedMitDH-1,Origin_sj2,,sj2,revolute,"0,325",0,"0,06","3,1416",0,"3,1416",scara_j1,0,0,1,10,"7,9","-2,7","2,7",,,10,"0,1",,,,
scara_j3,0,"2,22044604925031E-16","-0,185",0,0,0,"0,460306155603976","0,00526283371240547","3,24877251208374E-37","-1,64330554039326E-19","0,00526283371240547","3,7161231317094E-34","2,30153077801988E-05",0,0,0,0,0,0,package://rod/meshes/scara_j3.STL,1,1,1,1,0,0,0,0,0,0,package://rod/meshes/scara_j3.STL,,SCARAMitDH-1/ViertesGliedMitDH-1,Origin_sj3,,sj3,prismatic,"-0,225",0,"0,06926",0,0,0,scara_j2,0,0,1,10,2,0,"0,32",,,10,"0,1",,,,
scara_jEE,"0,00127508094275353","0,00991837529988793","0,0115960504326884",0,0,0,"0,00734707672394366","1,56955034877568E-06",0,"-1,65346314681135E-22","1,56955034877568E-06","2,96350100271735E-23","2,4656723492173E-06",0,0,0,0,0,0,package://rod/meshes/scara_jEE.STL,1,1,1,1,0,0,0,0,0,0,package://rod/meshes/scara_jEE.STL,,SCARAMitDH-1/EEMitDH-1,Origin_sEE,,sEE,revolute,0,0,"0,021981",0,0,"-3,0137",scara_j3,0,0,1,10,"41,9","-6,2","6,2",,,10,"0,1",,,,
sixaxis_joint,"0,159749157671926","0,158","0,147343077754866",0,0,0,"59,294110549961","0,831304150101565","5,21752188071823E-17","0,0140370732527636","0,843648805366523","-5,15146620011431E-17","0,683446197561202",0,0,0,0,0,0,package://rod/meshes/sixaxis_joint.STL,1,1,1,1,0,0,0,0,0,0,package://rod/meshes/sixaxis_joint.STL,,6_axis_robot-1/Roboter_Sockel-2,Origin_saj0,,saj0,fixed,"1,9713","-1,7268","0,3",0,0,0,base_link,0,0,0,,,,,,,,,,,,
sixaxis_j1,"-0,00259211067215492","0,00270619738140598","0,131756347788593",0,0,0,"56,4833957451794","1,08439391526667","0,00787710874493965","0,0888414783459384","0,976543348530307","-0,0302507568899708","0,861678896529092",0,0,0,0,0,0,package://rod/meshes/sixaxis_j1.STL,1,1,1,1,0,0,0,0,0,0,package://rod/meshes/sixaxis_j1.STL,,6_axis_robot-1/Robot_2Teil-1,Origin_saj1,,saj1,revolute,"0,168","0,158","0,317",0,0,"3,1416",sixaxis_joint,0,0,1,10,8,"-4,3","4,3",,,10,"0,1",,,,
sixaxis_j2,"-4,31760227570521E-09","0,258404064748791","-0,000356717994700828",0,0,0,"52,2168237503069","1,07933618868477","2,58723091051309E-08","-1,34009681600937E-07","0,541524461985699","0,0353877081559204","0,714833922196119",0,0,0,0,0,0,package://rod/meshes/sixaxis_j2.STL,1,1,1,1,0,0,0,0,0,0,package://rod/meshes/sixaxis_j2.STL,,6_axis_robot-1/Roboter_3Teil-1,Origin_saj2,,saj2,revolute,"-0,054129","-0,002","0,32966","1,5708",0,0,sixaxis_j1,0,0,1,10,"6,6",-2,2,,,10,"0,1",,,,
sixaxis_j3,"0,00477403400076337","0,035439954944116","-0,0156641341829327",0,0,0,"33,221439562987","0,341529061136126","0,00128174838595925","-0,00153661400028046","0,303384628575149","-0,0297967616518859","0,257324332747641",0,0,0,0,0,0,package://rod/meshes/sixaxis_j3.STL,1,1,1,1,0,0,0,0,0,0,package://rod/meshes/sixaxis_j3.STL,,6_axis_robot-1/Robot_4Teil-1,Origin_saj3,,saj3,revolute,0,"0,556",0,"3,1416",0,"3,1416",sixaxis_j2,0,0,1,10,"4,9","-3,6",1,,,10,"0,1",,,,
sixaxis_j4,"0,000575031491283129","-1,46367007403114E-09","0,230214046287128",0,0,0,"35,734803464823","0,81176808395228","1,41424306826545E-07","-0,00572860613473542","0,854333032963434","3,04517481855299E-09","0,20561661100466",0,0,0,0,0,0,package://rod/meshes/sixaxis_j4.STL,1,1,1,1,0,0,0,0,0,0,package://rod/meshes/sixaxis_j4.STL,,6_axis_robot-1/Robot_5Teil-1,Origin_saj4,,saj4,revolute,"0,1245","0,064",0,"3,1416","-1,5708",0,sixaxis_j3,0,0,1,10,"9,8",-4,4,,,10,"0,1",,,,
sixaxis_j5,"-1,46791752086983E-08","-0,0291959911456368","0,0644868991245442",0,0,0,"8,17650516153953","0,0361761814173097","-1,2489302263826E-08","2,71819456875286E-08","0,0221755722979237","0,000599929685722274","0,0379199397591049",0,0,0,0,0,0,package://rod/meshes/sixaxis_j5.STL,1,1,1,1,0,0,0,0,0,0,package://rod/meshes/sixaxis_j5.STL,,6_axis_robot-1/Robot_6Teil-1,Origin_saj5,,saj5,revolute,0,"-0,028","0,509","-1,5708","0,017333","-1,5708",sixaxis_j4,0,0,1,10,"7,3","-2,2","2,1",,,10,"0,1",,,,
sixaxis_j6,"6,02154166495783E-05","4,02968654544811E-05","0,0292969177312066",0,0,0,"1,14880650871049","0,00255489983767874","2,41983385261863E-07","-2,29897197591324E-06","0,00760875550673298","-1,24792345175244E-06","0,00920851979414176",0,0,0,0,0,0,package://rod/meshes/sixaxis_j6.STL,1,1,1,1,0,0,0,0,0,0,package://rod/meshes/sixaxis_j6.STL,,6_axis_robot-1/sixAxis_EE-1/EEMitDH-14;6_axis_robot-1/sixAxis_EE-1/EEMitDH-13;6_axis_robot-1/sixAxis_EE-1/EEMitDH-12;6_axis_robot-1/sixAxis_EE-1/EEMitDH-7;6_axis_robot-1/sixAxis_EE-1/EEMitDH-4;6_axis_robot-1/sixAxis_EE-1/EEMitDH-5;6_axis_robot-1/sixAxis_EE-1/EEMitDH-15;6_axis_robot-1/sixAxis_EE-1/EEMitDH-8;6_axis_robot-1/sixAxis_EE-1/EEMitDH-10;6_axis_robot-1/sixAxis_EE-1/EEMitDH-9;6_axis_robot-1/sixAxis_EE-1/EEMitDH-3;6_axis_robot-1/sixAxis_EE-1/EEMitDH-11;6_axis_robot-1/sixAxis_EE-1/EEMitDH-6;6_axis_robot-1/sixAxis_EE-1/EEMitDH-2;6_axis_robot-1/sixAxis_EE-1/EEMitDH-1;6_axis_robot-1/sixAxis_EE-1/Gerüst-1,Origin_saj6,,saj6,revolute,"-0,027996","-0,12051",0,"-1,5708","1,5535","-3,1416",sixaxis_j5,0,0,1,10,"9,8",-7,7,,,10,"0,1",,,,
pillar_basejoint,"-4,44089209850063E-16","0,961185945397422","-8,88178419700125E-16",0,0,0,"440,373181436866","262,029566238266","-5,43245319528198E-14","3,29644687413778E-07","28,4875199934351","-2,15837538433532E-13","239,907466365276",0,0,0,0,0,0,package://rod/meshes/pillar_basejoint.STL,1,1,1,1,0,0,0,0,0,0,package://rod/meshes/pillar_basejoint.STL,,pillar-1/base-1,Origin_pj0,,pj0,fixed,"4,8673","-2,3887",0,"1,5708",0,"1,5708",base_link,0,0,0,,,,,,,,,,,,
pillar_j1,"-1,95449466389164E-07","-0,00349337256815385","0,0423732277986537",0,0,0,"30,651712764964","0,36020215199646","6,19370610087378E-08","4,11840922305E-07","0,858956456435983","0,0187045653707118","0,546868746261457",0,0,0,0,0,0,package://rod/meshes/pillar_j1.STL,1,1,1,1,0,0,0,0,0,0,package://rod/meshes/pillar_j1.STL,,pillar-1/schlitten-1,Origin_pj1,,pj1,prismatic,0,"1,6358",0,0,"1,5708",0,pillar_basejoint,0,1,0,10,4,"-1,5",0,,,10,"0,1",,,,
pillar_j2,"-0,20389278870982","0,00802869915568061","-1,33226762955019E-15",0,0,0,"8,51611466678159","0,0145697647063247","-0,00198857519140808","-7,01045124729127E-16","0,110968677002792","-2,74303149638833E-17","0,106336249408429",0,0,0,0,0,0,package://rod/meshes/pillar_j2.STL,1,1,1,1,0,0,0,0,0,0,package://rod/meshes/pillar_j2.STL,,pillar-1/glied1-1,Origin_pj2,,pj2,revolute,0,"-0,005","0,275","3,1416","0,18639","3,1416",pillar_j1,0,1,0,10,9,"-2,3","2,3",,,10,"0,1",,,,
pillar_j3,"-0,160423416577163","-0,00500192400098287","-1,37272944122913E-07",0,0,0,"3,80734223603023","0,00337217248789807","0,00110960155484936","-6,75409792929627E-09","0,0330396543637099","3,70118305217644E-08","0,031793890358559",0,0,0,0,0,0,package://rod/meshes/pillar_j3.STL,1,1,1,1,0,0,0,0,0,0,package://rod/meshes/pillar_j3.STL,,pillar-1/glied2-1,Origin_pj3,,pj3,revolute,"-0,35","-0,015",0,0,"-1,4545",0,pillar_j2,0,1,0,10,9,"-2,6","2,6",,,10,"0,1",,,,
pillar_j4,"2,66453525910038E-15","0,0100631979177166","1,99840144432528E-15",0,0,0,"0,0590779204549206","5,6940911598002E-05","2,07187992469043E-18","1,71695730890775E-09","0,000233116350280554","1,75592991467494E-18","0,000207094473874728",0,0,0,0,0,0,package://rod/meshes/pillar_j4.STL,1,1,1,1,0,0,0,0,0,0,package://rod/meshes/pillar_j4.STL,,pillar_ee-1/EEMitDH-3;pillar_ee-1/EEMitDH-4;pillar_ee-1/gerüst_pillar_ee-2;pillar_ee-1/EEMitDH-1;pillar_ee-1/EEMitDH-2,Origin_pj4,,pj4,revolute,"-0,305","-0,07",0,0,"1,5708",0,pillar_j3,0,1,0,10,"8,4",-7,7,,,10,"0,1",,,,
conveyor1_joint,"-0,000942115318398606","0,952215352827483","-0,00494157854618349",0,0,0,"50,8597424766946","1,09619048071031","0,00129673052807581","1,26185849883652E-15","65,2786046954466","-2,74782020284304E-16","66,2872533931541",0,0,0,0,0,0,package://rod/meshes/conveyor1_joint.STL,1,1,1,1,0,0,0,0,0,0,package://rod/meshes/conveyor1_joint.STL,,conveyor1-1/Gestell1-2;conveyor1-1/Zylinder1-2;conveyor1-1/Riemen2-1^Förderband1-1;conveyor1-1/Zylinder1-1,Origin_c1,,c1,fixed,"8,3923","-0,73373",0,"1,5708",0,0,base_link,0,0,0,,,,,,,,,,,,
conveyor2_joint,"1,5307101757004","-0,0241824929759273","-0,00537615646786227",0,0,0,"58,4356625847735","1,41689660245919","0,00129673052812497","7,57182992613183E-15","73,0344402159455","-3,22658566531686E-16","73,8353282180731",0,0,0,0,0,0,package://rod/meshes/conveyor2_joint.STL,1,1,1,1,0,0,0,0,0,0,package://rod/meshes/conveyor2_joint.STL,,Förderband-1/Riemen2-1^Förderband-1;Förderband-1/Gestell-1;Förderband-1/Zylinder-1,Origin_c2,,c2,fixed,"2,7413","-1,5637","0,98","1,5708",0,0,base_link,0,0,0,,,,,,,,,,,,
scarasocket,"8,88178419700125E-16","0,44",0,0,0,0,"35,1999999999999","2,38890666666666","2,31296463463572E-17","4,41082355825035E-17","0,234666666666665","4,62592926927139E-18","2,38890666666666",0,0,0,0,0,0,package://rod/meshes/scarasocket.STL,1,1,1,1,0,0,0,0,0,0,package://rod/meshes/scarasocket.STL,,ScaraSockel-1,Origin_sb,,sb,fixed,"6,4673","-1,1387",0,"1,5708",0,0,base_link,0,0,0,,,,,,,,,,,,
sixaxissocket,0,"0,15","2,22044604925031E-16",0,0,0,"58,9048622548086","1,36217493964245","-4,26869128140131E-33",0,"1,84077694546277","-6,01853107621011E-33","1,36217493964245",0,0,0,0,0,0,package://rod/meshes/sixaxissocket.STL,1,1,1,1,0,0,0,0,0,0,package://rod/meshes/sixaxissocket.STL,,SixAxisSocker-3,Origin_sab,,sab,fixed,"2,1293","-1,5688",0,"1,5708",0,0,base_link,0,0,0,,,,,,,,,,,,
palette,"2,22044604925031E-16","0,086526837351779",0,0,0,0,"45,493833","6,79901449497636","1,0377254543141E-16","-8,74138001566438E-16","9,58215874546149","-1,00335211422889E-16","2,99877961380136",0,0,0,0,0,0,package://rod/meshes/palette.STL,1,1,1,1,0,0,0,0,0,0,package://rod/meshes/palette.STL,,pallet_1200x800.stp-1,Origin_p1,Axis_p1,p1,fixed,"1,37133688915711","-1,57677167234082",0,"1,5707963267949",0,0,base_link,0,0,0,,,,,,,,,,,,
